<?xml version="1.0" encoding="UTF-8"?>
<ApexPage xmlns="http://soap.sforce.com/2006/04/metadata">
    <apiVersion>55.0</apiVersion>
    <availableInTouch>false</availableInTouch>
    <confirmationTokenRequired>false</confirmationTokenRequired>
    <label>ApplyVendorLedgerEntry</label>
    <packageVersions>
        <majorNumber>2022</majorNumber>
        <minorNumber>221</minorNumber>
        <namespace>GFCON</namespace>
    </packageVersions>
    <packageVersions>
        <majorNumber>2022</majorNumber>
        <minorNumber>186</minorNumber>
        <namespace>GFERP</namespace>
    </packageVersions>
    <packageVersions>
        <majorNumber>1</majorNumber>
        <minorNumber>7</minorNumber>
        <namespace>sf_com_apps</namespace>
    </packageVersions>
</ApexPage>
