[{"_allAttributes":null,"_properties":null,"_methods":null,"file":"d:/SalesforceProjects/james.jain@gfacctdev.com/force-app/main/default/lwc/asReportDetail/asReportDetail.js","metadata":{"decorators":[{"type":"api","targets":[{"type":"property","name":"recordId","value":{"type":"unresolved"}},{"type":"property","name":"frrId","value":{"type":"unresolved"}}]}],"declarationLoc":{"start":{"line":4,"column":0},"end":{"line":27,"column":1}},"classMembers":[{"type":"property","name":"activeSections","loc":{"start":{"line":5,"column":4},"end":{"line":5,"column":24}}},{"type":"property","name":"recordId","loc":{"start":{"line":6,"column":4},"end":{"line":6,"column":18}},"decorator":"api","value":{"type":"unresolved"}},{"type":"property","name":"frrId","loc":{"start":{"line":7,"column":4},"end":{"line":7,"column":15}},"decorator":"api","value":{"type":"unresolved"}},{"type":"property","name":"isEdit","loc":{"start":{"line":8,"column":4},"end":{"line":8,"column":19}}},{"type":"method","name":"connectedCallback","loc":{"start":{"line":10,"column":4},"end":{"line":13,"column":5}}},{"type":"method","name":"editToggel","loc":{"start":{"line":15,"column":4},"end":{"line":17,"column":5}}},{"type":"method","name":"editToggelWithToast","loc":{"start":{"line":19,"column":4},"end":{"line":26,"column":5}}}],"exports":[{"type":"ExportDefaultDeclaration"}]},"updatedAt":"2023-02-13T05:25:23.239Z"},{"_allAttributes":null,"_properties":null,"_methods":null,"file":"d:/SalesforceProjects/james.jain@gfacctdev.com/force-app/main/default/lwc/clearedDatatable/clearedDatatable.js","metadata":{"decorators":[{"type":"api","targets":[{"type":"property","name":"columns","value":{"type":"unresolved"}},{"type":"property","name":"records"},{"type":"property","name":"showCheckbox","value":{"type":"boolean","value":false}},{"type":"property","name":"showRowNumber","value":{"type":"boolean","value":false}},{"type":"property","name":"sortedBy","value":{"type":"unresolved"}},{"type":"property","name":"sortedDirection","value":{"type":"string","value":"desc"}},{"type":"property","name":"showPagination","value":{"type":"boolean","value":false}},{"type":"property","name":"pageSizeOptions","value":{"type":"array","value":[{"type":"number","value":5},{"type":"number","value":10},{"type":"number","value":20},{"type":"number","value":30},{"type":"number","value":50},{"type":"number","value":75},{"type":"number","value":100}]}},{"type":"property","name":"showSearchBox","value":{"type":"boolean","value":false}},{"type":"property","name":"placeHolder","value":{"type":"string","value":"Search Table..."}},{"type":"property","name":"tableLayout"}]}],"declarationLoc":{"start":{"line":8,"column":0},"end":{"line":517,"column":1}},"classMembers":[{"type":"property","name":"columns","loc":{"start":{"line":9,"column":4},"end":{"line":9,"column":17}},"decorator":"api","value":{"type":"unresolved"}},{"type":"property","name":"records","loc":{"start":{"line":10,"column":4},"end":{"line":14,"column":5}},"decorator":"api"},{"type":"property","name":"showCheckbox","loc":{"start":{"line":18,"column":4},"end":{"line":18,"column":30}},"decorator":"api","value":{"type":"boolean","value":false}},{"type":"property","name":"showRowNumber","loc":{"start":{"line":19,"column":4},"end":{"line":19,"column":31}},"decorator":"api","value":{"type":"boolean","value":false}},{"type":"property","name":"sortedBy","loc":{"start":{"line":20,"column":4},"end":{"line":20,"column":18}},"decorator":"api","value":{"type":"unresolved"}},{"type":"property","name":"sortedDirection","loc":{"start":{"line":21,"column":4},"end":{"line":21,"column":34}},"decorator":"api","value":{"type":"string","value":"desc"}},{"type":"property","name":"showPagination","loc":{"start":{"line":23,"column":4},"end":{"line":23,"column":32}},"decorator":"api","value":{"type":"boolean","value":false}},{"type":"property","name":"pageSizeOptions","loc":{"start":{"line":24,"column":4},"end":{"line":24,"column":50}},"decorator":"api","value":{"type":"array","value":[{"type":"number","value":5},{"type":"number","value":10},{"type":"number","value":20},{"type":"number","value":30},{"type":"number","value":50},{"type":"number","value":75},{"type":"number","value":100}]}},{"type":"property","name":"showSearchBox","loc":{"start":{"line":25,"column":4},"end":{"line":25,"column":31}},"decorator":"api","value":{"type":"boolean","value":false}},{"type":"property","name":"placeHolder","loc":{"start":{"line":26,"column":4},"end":{"line":26,"column":41}},"decorator":"api","value":{"type":"string","value":"Search Table..."}},{"type":"property","name":"tableLayout","loc":{"start":{"line":27,"column":4},"end":{"line":31,"column":5}},"decorator":"api"},{"type":"property","name":"showTable","loc":{"start":{"line":37,"column":4},"end":{"line":37,"column":22}}},{"type":"property","name":"isLoading","loc":{"start":{"line":38,"column":4},"end":{"line":38,"column":22}}},{"type":"property","name":"spinnerMsg","loc":{"start":{"line":39,"column":4},"end":{"line":39,"column":30}}},{"type":"property","name":"tableData","loc":{"start":{"line":41,"column":4},"end":{"line":41,"column":14}}},{"type":"property","name":"tableData2Display","loc":{"start":{"line":42,"column":4},"end":{"line":42,"column":22}}},{"type":"property","name":"pageData","loc":{"start":{"line":43,"column":4},"end":{"line":43,"column":13}}},{"type":"property","name":"pageSize","loc":{"start":{"line":44,"column":4},"end":{"line":44,"column":17}}},{"type":"property","name":"totalPages","loc":{"start":{"line":45,"column":4},"end":{"line":45,"column":15}}},{"type":"property","name":"pageNumber","loc":{"start":{"line":46,"column":4},"end":{"line":46,"column":19}}},{"type":"property","name":"searchKey","loc":{"start":{"line":47,"column":4},"end":{"line":47,"column":14}}},{"type":"property","name":"controlPagination","loc":{"start":{"line":48,"column":4},"end":{"line":48,"column":31}}},{"type":"property","name":"controlPrevious","loc":{"start":{"line":49,"column":4},"end":{"line":49,"column":29}}},{"type":"property","name":"controlNext","loc":{"start":{"line":50,"column":4},"end":{"line":50,"column":25}}},{"type":"property","name":"isAscending","loc":{"start":{"line":51,"column":4},"end":{"line":51,"column":24}}},{"type":"property","name":"isEdited","loc":{"start":{"line":52,"column":4},"end":{"line":52,"column":21}}},{"type":"property","name":"isConnected","loc":{"start":{"line":53,"column":4},"end":{"line":53,"column":24}}},{"type":"property","name":"tableStyle","loc":{"start":{"line":55,"column":4},"end":{"line":55,"column":51}}},{"type":"property","name":"delayTimeout","loc":{"start":{"line":57,"column":4},"end":{"line":57,"column":17}}},{"type":"property","name":"initialLoad","loc":{"start":{"line":58,"column":4},"end":{"line":58,"column":23}}},{"type":"property","name":"stylesLoaded","loc":{"start":{"line":59,"column":4},"end":{"line":59,"column":25}}},{"type":"property","name":"selectedTotal","loc":{"start":{"line":60,"column":4},"end":{"line":60,"column":22}}},{"type":"property","name":"selectedPerPage","loc":{"start":{"line":61,"column":4},"end":{"line":61,"column":24}}},{"type":"property","name":"selRowsMap","loc":{"start":{"line":62,"column":4},"end":{"line":62,"column":27}}},{"type":"property","name":"currentElement","loc":{"start":{"line":63,"column":4},"end":{"line":63,"column":19}}},{"type":"property","name":"currentWidth","loc":{"start":{"line":64,"column":4},"end":{"line":64,"column":17}}},{"type":"property","name":"mousePosition","loc":{"start":{"line":65,"column":4},"end":{"line":65,"column":18}}},{"type":"property","name":"resizerStyle","loc":{"start":{"line":66,"column":4},"end":{"line":66,"column":17}}},{"type":"property","name":"recsEdited","loc":{"start":{"line":67,"column":4},"end":{"line":67,"column":27}}},{"type":"property","name":"oneTimeEditedRec","loc":{"start":{"line":68,"column":4},"end":{"line":68,"column":33}}},{"type":"method","name":"connectedCallback","loc":{"start":{"line":70,"column":4},"end":{"line":73,"column":5}}},{"type":"method","name":"disconnectedCallback","loc":{"start":{"line":75,"column":4},"end":{"line":77,"column":5}}},{"type":"method","name":"renderedCallback","loc":{"start":{"line":79,"column":4},"end":{"line":99,"column":5}}},{"type":"method","name":"setupTable","loc":{"start":{"line":101,"column":4},"end":{"line":116,"column":5}}},{"type":"method","name":"setupColumns","loc":{"start":{"line":118,"column":4},"end":{"line":144,"column":5}}},{"type":"method","name":"setupData","loc":{"start":{"line":146,"column":4},"end":{"line":189,"column":5}}},{"type":"method","name":"setupPagination","loc":{"start":{"line":191,"column":4},"end":{"line":203,"column":5}}},{"type":"method","name":"handleRecordsPerPage","loc":{"start":{"line":206,"column":4},"end":{"line":209,"column":5}}},{"type":"method","name":"handlePageNumberChange","loc":{"start":{"line":210,"column":4},"end":{"line":215,"column":5}}},{"type":"method","name":"previousPage","loc":{"start":{"line":216,"column":4},"end":{"line":219,"column":5}}},{"type":"method","name":"nextPage","loc":{"start":{"line":220,"column":4},"end":{"line":223,"column":5}}},{"type":"method","name":"setupPages","loc":{"start":{"line":224,"column":4},"end":{"line":235,"column":5}}},{"type":"method","name":"setupPageData","loc":{"start":{"line":236,"column":4},"end":{"line":254,"column":5}}},{"type":"method","name":"setPaginationControls","loc":{"start":{"line":255,"column":4},"end":{"line":280,"column":5}}},{"type":"method","name":"handleRowSelection","loc":{"start":{"line":284,"column":4},"end":{"line":296,"column":5}}},{"type":"method","name":"handlePageRowsSelection","loc":{"start":{"line":297,"column":4},"end":{"line":306,"column":5}}},{"type":"method","name":"handleAllRowsSelection","loc":{"start":{"line":307,"column":4},"end":{"line":320,"column":5}}},{"type":"method","name":"manageSelectAllStyle","loc":{"start":{"line":321,"column":4},"end":{"line":349,"column":5}}},{"type":"method","name":"handleSorting","loc":{"start":{"line":353,"column":4},"end":{"line":366,"column":5}}},{"type":"method","name":"sortData","loc":{"start":{"line":367,"column":4},"end":{"line":373,"column":5}}},{"type":"method","name":"sortDataBy","loc":{"start":{"line":374,"column":4},"end":{"line":391,"column":5}}},{"type":"method","name":"handleSearch","loc":{"start":{"line":395,"column":4},"end":{"line":412,"column":5}}},{"type":"method","name":"searchRow","loc":{"start":{"line":413,"column":4},"end":{"line":420,"column":5}}},{"type":"method","name":"calculateWidth","loc":{"start":{"line":424,"column":4},"end":{"line":436,"column":5}}},{"type":"method","name":"setNewWidth","loc":{"start":{"line":437,"column":4},"end":{"line":445,"column":5}}},{"type":"method","name":"stopColumnResizing","loc":{"start":{"line":446,"column":4},"end":{"line":448,"column":5}}},{"type":"method","name":"handleRowAction","loc":{"start":{"line":452,"column":4},"end":{"line":457,"column":5}}},{"type":"method","name":"handleCellEdit","loc":{"start":{"line":461,"column":4},"end":{"line":468,"column":5}}},{"type":"method","name":"handleCellChange","loc":{"start":{"line":469,"column":4},"end":{"line":501,"column":5}}},{"type":"method","name":"cancelChanges","loc":{"start":{"line":502,"column":4},"end":{"line":506,"column":5}}},{"type":"method","name":"handleSave","loc":{"start":{"line":507,"column":4},"end":{"line":515,"column":5}}}],"exports":[{"type":"ExportDefaultDeclaration"}]},"updatedAt":"2023-01-19T10:28:25.001Z"},{"_allAttributes":null,"_properties":null,"_methods":null,"file":"d:/SalesforceProjects/james.jain@gfacctdev.com/force-app/main/default/lwc/clearedformElement/clearedformElement.js","metadata":{"decorators":[{"type":"api","targets":[{"type":"property","name":"rowIndex","value":{"type":"unresolved"}},{"type":"property","name":"colIndex","value":{"type":"unresolved"}},{"type":"property","name":"name","value":{"type":"unresolved"}},{"type":"property","name":"title","value":{"type":"unresolved"}},{"type":"property","name":"placeHolder","value":{"type":"unresolved"}},{"type":"property","name":"linkLabel","value":{"type":"unresolved"}},{"type":"property","name":"actionName","value":{"type":"unresolved"}},{"type":"property","name":"numberFormat","value":{"type":"unresolved"}},{"type":"property","name":"currencyCode","value":{"type":"unresolved"}},{"type":"property","name":"maxFractionDigits","value":{"type":"unresolved"}},{"type":"property","name":"minFractionDigits","value":{"type":"unresolved"}},{"type":"property","name":"minValue","value":{"type":"unresolved"}},{"type":"property","name":"maxValue","value":{"type":"unresolved"}},{"type":"property","name":"iconName","value":{"type":"unresolved"}},{"type":"property","name":"iconSize","value":{"type":"unresolved"}},{"type":"property","name":"iconVariant","value":{"type":"string","value":"bare"}},{"type":"property","name":"imageSource","value":{"type":"unresolved"}},{"type":"property","name":"mode"},{"type":"property","name":"type"},{"type":"property","name":"label"},{"type":"property","name":"value"},{"type":"property","name":"options"},{"type":"property","name":"required"},{"type":"property","name":"readOnly"},{"type":"property","name":"size"},{"type":"property","name":"target"},{"type":"property","name":"variant"},{"type":"property","name":"helpText"},{"type":"property","name":"tableElement"},{"type":"method","name":"editElement"},{"type":"method","name":"closeEditMode"}]}],"declarationLoc":{"start":{"line":4,"column":0},"end":{"line":236,"column":1}},"classMembers":[{"type":"property","name":"href","loc":{"start":{"line":13,"column":4},"end":{"line":13,"column":9}}},{"type":"property","name":"editMode","loc":{"start":{"line":14,"column":4},"end":{"line":14,"column":21}}},{"type":"property","name":"isRequired","loc":{"start":{"line":15,"column":4},"end":{"line":15,"column":23}}},{"type":"property","name":"isReadOnly","loc":{"start":{"line":16,"column":4},"end":{"line":16,"column":23}}},{"type":"property","name":"isConnected","loc":{"start":{"line":17,"column":4},"end":{"line":17,"column":24}}},{"type":"property","name":"isText","loc":{"start":{"line":19,"column":4},"end":{"line":19,"column":11}}},{"type":"property","name":"isPicklist","loc":{"start":{"line":20,"column":4},"end":{"line":20,"column":15}}},{"type":"property","name":"isCheckbox","loc":{"start":{"line":21,"column":4},"end":{"line":21,"column":15}}},{"type":"property","name":"isLink","loc":{"start":{"line":22,"column":4},"end":{"line":22,"column":11}}},{"type":"property","name":"isLookup","loc":{"start":{"line":23,"column":4},"end":{"line":23,"column":13}}},{"type":"property","name":"isDate","loc":{"start":{"line":24,"column":4},"end":{"line":24,"column":11}}},{"type":"property","name":"isDateTime","loc":{"start":{"line":25,"column":4},"end":{"line":25,"column":15}}},{"type":"property","name":"isNumber","loc":{"start":{"line":26,"column":4},"end":{"line":26,"column":13}}},{"type":"property","name":"isCurrency","loc":{"start":{"line":27,"column":4},"end":{"line":27,"column":15}}},{"type":"property","name":"isPercent","loc":{"start":{"line":28,"column":4},"end":{"line":28,"column":14}}},{"type":"property","name":"isLinkAction","loc":{"start":{"line":29,"column":4},"end":{"line":29,"column":17}}},{"type":"property","name":"isImageAction","loc":{"start":{"line":30,"column":4},"end":{"line":30,"column":18}}},{"type":"property","name":"isButtonIcon","loc":{"start":{"line":31,"column":4},"end":{"line":31,"column":17}}},{"type":"property","name":"listClass","loc":{"start":{"line":32,"column":4},"end":{"line":32,"column":47}}},{"type":"property","name":"detailClass","loc":{"start":{"line":33,"column":4},"end":{"line":33,"column":50}}},{"type":"property","name":"helpTextClass","loc":{"start":{"line":34,"column":4},"end":{"line":34,"column":23}}},{"type":"property","name":"editIconClass","loc":{"start":{"line":35,"column":4},"end":{"line":35,"column":51}}},{"type":"property","name":"isTableElement","loc":{"start":{"line":36,"column":4},"end":{"line":36,"column":27}}},{"type":"property","name":"rowIndex","loc":{"start":{"line":38,"column":4},"end":{"line":38,"column":18}},"decorator":"api","value":{"type":"unresolved"}},{"type":"property","name":"colIndex","loc":{"start":{"line":39,"column":4},"end":{"line":39,"column":18}},"decorator":"api","value":{"type":"unresolved"}},{"type":"property","name":"name","loc":{"start":{"line":40,"column":4},"end":{"line":40,"column":14}},"decorator":"api","value":{"type":"unresolved"}},{"type":"property","name":"title","loc":{"start":{"line":41,"column":4},"end":{"line":41,"column":15}},"decorator":"api","value":{"type":"unresolved"}},{"type":"property","name":"placeHolder","loc":{"start":{"line":42,"column":4},"end":{"line":42,"column":21}},"decorator":"api","value":{"type":"unresolved"}},{"type":"property","name":"linkLabel","loc":{"start":{"line":44,"column":4},"end":{"line":44,"column":19}},"decorator":"api","value":{"type":"unresolved"}},{"type":"property","name":"actionName","loc":{"start":{"line":45,"column":4},"end":{"line":45,"column":20}},"decorator":"api","value":{"type":"unresolved"}},{"type":"property","name":"numberFormat","loc":{"start":{"line":47,"column":4},"end":{"line":47,"column":22}},"decorator":"api","value":{"type":"unresolved"}},{"type":"property","name":"currencyCode","loc":{"start":{"line":48,"column":4},"end":{"line":48,"column":22}},"decorator":"api","value":{"type":"unresolved"}},{"type":"property","name":"maxFractionDigits","loc":{"start":{"line":49,"column":4},"end":{"line":49,"column":27}},"decorator":"api","value":{"type":"unresolved"}},{"type":"property","name":"minFractionDigits","loc":{"start":{"line":50,"column":4},"end":{"line":50,"column":27}},"decorator":"api","value":{"type":"unresolved"}},{"type":"property","name":"minValue","loc":{"start":{"line":51,"column":4},"end":{"line":51,"column":18}},"decorator":"api","value":{"type":"unresolved"}},{"type":"property","name":"maxValue","loc":{"start":{"line":52,"column":4},"end":{"line":52,"column":18}},"decorator":"api","value":{"type":"unresolved"}},{"type":"property","name":"iconName","loc":{"start":{"line":54,"column":4},"end":{"line":54,"column":18}},"decorator":"api","value":{"type":"unresolved"}},{"type":"property","name":"iconSize","loc":{"start":{"line":55,"column":4},"end":{"line":55,"column":18}},"decorator":"api","value":{"type":"unresolved"}},{"type":"property","name":"iconVariant","loc":{"start":{"line":56,"column":4},"end":{"line":56,"column":30}},"decorator":"api","value":{"type":"string","value":"bare"}},{"type":"property","name":"imageSource","loc":{"start":{"line":57,"column":4},"end":{"line":57,"column":21}},"decorator":"api","value":{"type":"unresolved"}},{"type":"property","name":"mode","loc":{"start":{"line":59,"column":4},"end":{"line":63,"column":5}},"decorator":"api"},{"type":"property","name":"type","loc":{"start":{"line":67,"column":4},"end":{"line":85,"column":5}},"decorator":"api"},{"type":"property","name":"label","loc":{"start":{"line":89,"column":4},"end":{"line":91,"column":5}},"decorator":"api"},{"type":"property","name":"value","loc":{"start":{"line":95,"column":4},"end":{"line":98,"column":5}},"decorator":"api"},{"type":"property","name":"options","loc":{"start":{"line":102,"column":4},"end":{"line":104,"column":5}},"decorator":"api"},{"type":"property","name":"required","loc":{"start":{"line":108,"column":4},"end":{"line":110,"column":5}},"decorator":"api"},{"type":"property","name":"readOnly","loc":{"start":{"line":114,"column":4},"end":{"line":116,"column":5}},"decorator":"api"},{"type":"property","name":"size","loc":{"start":{"line":120,"column":4},"end":{"line":122,"column":5}},"decorator":"api"},{"type":"property","name":"target","loc":{"start":{"line":126,"column":4},"end":{"line":128,"column":5}},"decorator":"api"},{"type":"property","name":"variant","loc":{"start":{"line":132,"column":4},"end":{"line":134,"column":5}},"decorator":"api"},{"type":"property","name":"helpText","loc":{"start":{"line":138,"column":4},"end":{"line":140,"column":5}},"decorator":"api"},{"type":"property","name":"tableElement","loc":{"start":{"line":144,"column":4},"end":{"line":147,"column":5}},"decorator":"api"},{"type":"method","name":"connectedCallback","loc":{"start":{"line":152,"column":4},"end":{"line":157,"column":5}}},{"type":"method","name":"disconnectedCallback","loc":{"start":{"line":159,"column":4},"end":{"line":161,"column":5}}},{"type":"method","name":"populateLookupValue","loc":{"start":{"line":163,"column":4},"end":{"line":175,"column":5}}},{"type":"method","name":"handleElementClass","loc":{"start":{"line":177,"column":4},"end":{"line":187,"column":5}}},{"type":"method","name":"handleEditing","loc":{"start":{"line":189,"column":4},"end":{"line":191,"column":5}}},{"type":"method","name":"editElement","loc":{"start":{"line":193,"column":4},"end":{"line":203,"column":5}},"decorator":"api"},{"type":"method","name":"sendValue","loc":{"start":{"line":205,"column":4},"end":{"line":214,"column":5}}},{"type":"method","name":"closeEditMode","loc":{"start":{"line":216,"column":4},"end":{"line":220,"column":5}},"decorator":"api"},{"type":"method","name":"handleLookupChange","loc":{"start":{"line":222,"column":4},"end":{"line":227,"column":5}}},{"type":"method","name":"handleAction","loc":{"start":{"line":229,"column":4},"end":{"line":235,"column":5}}}],"exports":[{"type":"ExportDefaultDeclaration"}]},"updatedAt":"2023-01-19T10:28:25.005Z"},{"_allAttributes":null,"_properties":null,"_methods":null,"file":"d:/SalesforceProjects/james.jain@gfacctdev.com/force-app/main/default/lwc/clearUnclearTransactionsLWC/clearUnclearTransactionsLWC.js","metadata":{"decorators":[{"type":"api","targets":[{"type":"property","name":"recordId","value":{"type":"unresolved"}}]},{"type":"track","targets":[{"name":"clearedTransactions","type":"property"},{"name":"unclearedTransactions","type":"property"},{"name":"clearedTransactions_Original","type":"property"},{"name":"unclearedTransactions_Original","type":"property"},{"name":"dataObj","type":"property"},{"name":"dataObjOriginal","type":"property"}]}],"declarationLoc":{"start":{"line":11,"column":0},"end":{"line":349,"column":1}},"classMembers":[{"type":"property","name":"recordId","loc":{"start":{"line":12,"column":4},"end":{"line":12,"column":18}},"decorator":"api","value":{"type":"unresolved"}},{"type":"property","name":"clearedTransactions","loc":{"start":{"line":13,"column":4},"end":{"line":13,"column":31}},"decorator":"track"},{"type":"property","name":"unclearedTransactions","loc":{"start":{"line":14,"column":4},"end":{"line":14,"column":33}},"decorator":"track"},{"type":"property","name":"clearedTransactions_Original","loc":{"start":{"line":15,"column":4},"end":{"line":15,"column":40}},"decorator":"track"},{"type":"property","name":"unclearedTransactions_Original","loc":{"start":{"line":16,"column":4},"end":{"line":16,"column":42}},"decorator":"track"},{"type":"property","name":"dataObj","loc":{"start":{"line":17,"column":4},"end":{"line":17,"column":19}},"decorator":"track"},{"type":"property","name":"dataObjOriginal","loc":{"start":{"line":18,"column":4},"end":{"line":18,"column":27}},"decorator":"track"},{"type":"property","name":"recordId_rendered","loc":{"start":{"line":19,"column":4},"end":{"line":19,"column":30}}},{"type":"method","name":"connectedCallback","loc":{"start":{"line":21,"column":4},"end":{"line":24,"column":5}}},{"type":"method","name":"renderedCallback","loc":{"start":{"line":26,"column":4},"end":{"line":33,"column":5}}},{"type":"method","name":"closeAction","loc":{"start":{"line":35,"column":4},"end":{"line":37,"column":5}}},{"type":"method","name":"retrieveData","loc":{"start":{"line":39,"column":4},"end":{"line":70,"column":5}}},{"type":"method","name":"updateClearedTransactions","loc":{"start":{"line":72,"column":4},"end":{"line":76,"column":5}}},{"type":"method","name":"updateUnclearedTransactions","loc":{"start":{"line":78,"column":4},"end":{"line":83,"column":5}}},{"type":"property","name":"endDateToSearch","loc":{"start":{"line":84,"column":4},"end":{"line":84,"column":20}}},{"type":"method","name":"readEndDate","loc":{"start":{"line":85,"column":4},"end":{"line":87,"column":5}}},{"type":"property","name":"searchParam","loc":{"start":{"line":88,"column":4},"end":{"line":88,"column":16}}},{"type":"method","name":"readSearchParam","loc":{"start":{"line":89,"column":4},"end":{"line":92,"column":5}}},{"type":"method","name":"doSearch","loc":{"start":{"line":93,"column":4},"end":{"line":116,"column":5}}},{"type":"property","name":"unclearedIds","loc":{"start":{"line":117,"column":4},"end":{"line":117,"column":22}}},{"type":"method","name":"handleSelectAllUncleared","loc":{"start":{"line":118,"column":4},"end":{"line":136,"column":5}}},{"type":"method","name":"handleUnclearedBox","loc":{"start":{"line":138,"column":4},"end":{"line":155,"column":5}}},{"type":"method","name":"dosaveUnclearBoxesSelected","loc":{"start":{"line":157,"column":4},"end":{"line":191,"column":5}}},{"type":"property","name":"clearedIds","loc":{"start":{"line":193,"column":4},"end":{"line":193,"column":20}}},{"type":"method","name":"handleSelectAllCleared","loc":{"start":{"line":195,"column":4},"end":{"line":213,"column":5}}},{"type":"method","name":"handleClearedBox","loc":{"start":{"line":215,"column":4},"end":{"line":232,"column":5}}},{"type":"method","name":"dosaveClearBoxesSelected","loc":{"start":{"line":234,"column":4},"end":{"line":268,"column":5}}},{"type":"method","name":"doEndDateSearch","loc":{"start":{"line":270,"column":4},"end":{"line":296,"column":5}}},{"type":"property","name":"sortedDirection","loc":{"start":{"line":298,"column":4},"end":{"line":298,"column":28}}},{"type":"property","name":"sortedColumn","loc":{"start":{"line":299,"column":4},"end":{"line":299,"column":17}}},{"type":"method","name":"sort","loc":{"start":{"line":300,"column":4},"end":{"line":322,"column":5}}},{"type":"property","name":"sortedDirectionCleared","loc":{"start":{"line":324,"column":4},"end":{"line":324,"column":35}}},{"type":"property","name":"sortedColumnCleared","loc":{"start":{"line":325,"column":4},"end":{"line":325,"column":24}}},{"type":"method","name":"sortCleared","loc":{"start":{"line":326,"column":4},"end":{"line":348,"column":5}}}],"exports":[{"type":"ExportDefaultDeclaration"}]},"updatedAt":"2023-02-13T05:25:23.236Z"},{"_allAttributes":null,"_properties":null,"_methods":null,"file":"d:/SalesforceProjects/james.jain@gfacctdev.com/force-app/main/default/lwc/expandableDatatable/expandableDatatable.js","metadata":{"decorators":[{"type":"api","targets":[{"type":"property","name":"recordId","value":{"type":"unresolved"}},{"type":"property","name":"frrId","value":{"type":"unresolved"}}]}],"declarationLoc":{"start":{"line":8,"column":0},"end":{"line":429,"column":1}},"classMembers":[{"type":"property","name":"recordId","loc":{"start":{"line":10,"column":4},"end":{"line":10,"column":18}},"decorator":"api","value":{"type":"unresolved"}},{"type":"property","name":"frrId","loc":{"start":{"line":11,"column":4},"end":{"line":11,"column":15}},"decorator":"api","value":{"type":"unresolved"}},{"type":"property","name":"colWrapperSet","loc":{"start":{"line":12,"column":4},"end":{"line":12,"column":18}}},{"type":"property","name":"revWrapperRes","loc":{"start":{"line":13,"column":4},"end":{"line":13,"column":23}}},{"type":"property","name":"expWrapperRes","loc":{"start":{"line":14,"column":4},"end":{"line":14,"column":23}}},{"type":"property","name":"netIncomeWrapperRes","loc":{"start":{"line":15,"column":4},"end":{"line":15,"column":29}}},{"type":"property","name":"revWrapperMap","loc":{"start":{"line":16,"column":4},"end":{"line":16,"column":18}}},{"type":"property","name":"revWrapperMapList","loc":{"start":{"line":17,"column":4},"end":{"line":17,"column":27}}},{"type":"property","name":"expWrapperMap","loc":{"start":{"line":18,"column":4},"end":{"line":18,"column":18}}},{"type":"property","name":"isOpenRevenue","loc":{"start":{"line":19,"column":4},"end":{"line":19,"column":26}}},{"type":"property","name":"tableArray","loc":{"start":{"line":20,"column":4},"end":{"line":55,"column":6}}},{"type":"property","name":"finalTableData","loc":{"start":{"line":57,"column":4},"end":{"line":57,"column":24}}},{"type":"method","name":"connectedCallback","loc":{"start":{"line":59,"column":4},"end":{"line":351,"column":5}}},{"type":"method","name":"removeNull","loc":{"start":{"line":353,"column":4},"end":{"line":380,"column":5}}},{"type":"method","name":"toggel","loc":{"start":{"line":382,"column":4},"end":{"line":428,"column":5}}}],"exports":[{"type":"ExportDefaultDeclaration"}]},"updatedAt":"2023-02-13T05:25:23.201Z"},{"_allAttributes":null,"_properties":null,"_methods":null,"file":"d:/SalesforceProjects/james.jain@gfacctdev.com/force-app/main/default/lwc/financialReports/financialReports.js","metadata":{"decorators":[{"type":"track","targets":[{"name":"value","type":"property"},{"name":"includeSubType1CheckBoxValue","type":"property"},{"name":"includeSubType2CheckBoxValue","type":"property"},{"name":"suppressZeroAmountRowsCheckBoxValue","type":"property"},{"name":"startAccountingPeriodId","type":"property"},{"name":"endAccountingPeriodId","type":"property"},{"name":"endDate","type":"property"},{"name":"allCheck","type":"property"},{"name":"isModalOpen","type":"property"},{"name":"cardTitle","type":"property"},{"name":"items","type":"property"},{"name":"glAccountId","type":"property"},{"name":"glKeyValue","type":"property"},{"name":"glKeyValueCounter","type":"property"}]}],"exports":[{"type":"ExportDefaultDeclaration"}]},"updatedAt":"2023-02-13T05:25:23.244Z"},{"_allAttributes":null,"_properties":null,"_methods":null,"file":"d:/SalesforceProjects/james.jain@gfacctdev.com/force-app/main/default/lwc/lookup/lookup.js","metadata":{"decorators":[{"type":"api","targets":[{"type":"property","name":"label","value":{"type":"unresolved"}},{"type":"property","name":"value","value":{"type":"unresolved"}},{"type":"property","name":"disabled","value":{"type":"unresolved"}},{"type":"property","name":"errorMessage","value":{"type":"string","value":"Complete this field"}},{"type":"property","name":"isTableElement","value":{"type":"boolean","value":false}},{"type":"property","name":"options"},{"type":"property","name":"iconName"},{"type":"property","name":"iconSize"},{"type":"property","name":"required"},{"type":"property","name":"readOnly"},{"type":"property","name":"placeHolder"},{"type":"property","name":"variant"},{"type":"property","name":"helpText"},{"type":"method","name":"focus"},{"type":"method","name":"blur"}]},{"type":"track","targets":[{"name":"_iconName","type":"property"},{"name":"_iconSize","type":"property"},{"name":"_readOnly","type":"property"},{"name":"_required","type":"property"},{"name":"_placeHolder","type":"property"},{"name":"_variant","type":"property"},{"name":"_helpText","type":"property"},{"name":"showHelpText","type":"property"},{"name":"title","type":"property"},{"name":"isLabelHidden","type":"property"},{"name":"showMessage","type":"property"},{"name":"isAriaExpanded","type":"property"},{"name":"optionsToDisplay","type":"property"},{"name":"selectedOption","type":"property"},{"name":"alwaysOption","type":"property"},{"name":"isOptionSelected","type":"property"},{"name":"noResultsFound","type":"property"},{"name":"formElementClass","type":"property"},{"name":"cbContainerClassClass","type":"property"},{"name":"cbComputedClass","type":"property"},{"name":"cfeComputedClass","type":"property"},{"name":"entityIcon","type":"property"},{"name":"searchIconClass","type":"property"},{"name":"closeIconClass","type":"property"}]}],"declarationLoc":{"start":{"line":18,"column":0},"end":{"line":301,"column":1}},"classMembers":[{"type":"property","name":"label","loc":{"start":{"line":19,"column":4},"end":{"line":19,"column":15}},"decorator":"api","value":{"type":"unresolved"}},{"type":"property","name":"value","loc":{"start":{"line":20,"column":4},"end":{"line":20,"column":15}},"decorator":"api","value":{"type":"unresolved"}},{"type":"property","name":"disabled","loc":{"start":{"line":21,"column":4},"end":{"line":21,"column":18}},"decorator":"api","value":{"type":"unresolved"}},{"type":"property","name":"errorMessage","loc":{"start":{"line":22,"column":4},"end":{"line":22,"column":46}},"decorator":"api","value":{"type":"string","value":"Complete this field"}},{"type":"property","name":"isTableElement","loc":{"start":{"line":23,"column":4},"end":{"line":23,"column":32}},"decorator":"api","value":{"type":"boolean","value":false}},{"type":"property","name":"showHelpText","loc":{"start":{"line":32,"column":4},"end":{"line":32,"column":32}},"decorator":"track"},{"type":"property","name":"title","loc":{"start":{"line":33,"column":4},"end":{"line":33,"column":17}},"decorator":"track"},{"type":"property","name":"isLabelHidden","loc":{"start":{"line":34,"column":4},"end":{"line":34,"column":33}},"decorator":"track"},{"type":"property","name":"showMessage","loc":{"start":{"line":35,"column":4},"end":{"line":35,"column":31}},"decorator":"track"},{"type":"property","name":"isAriaExpanded","loc":{"start":{"line":36,"column":4},"end":{"line":36,"column":34}},"decorator":"track"},{"type":"property","name":"optionsToDisplay","loc":{"start":{"line":38,"column":4},"end":{"line":38,"column":33}},"decorator":"track"},{"type":"property","name":"selectedOption","loc":{"start":{"line":39,"column":4},"end":{"line":39,"column":44}},"decorator":"track"},{"type":"property","name":"alwaysOption","loc":{"start":{"line":40,"column":4},"end":{"line":40,"column":42}},"decorator":"track"},{"type":"property","name":"isOptionSelected","loc":{"start":{"line":41,"column":4},"end":{"line":41,"column":36}},"decorator":"track"},{"type":"property","name":"noResultsFound","loc":{"start":{"line":42,"column":4},"end":{"line":42,"column":34}},"decorator":"track"},{"type":"property","name":"formElementClass","loc":{"start":{"line":44,"column":4},"end":{"line":44,"column":42}},"decorator":"track"},{"type":"property","name":"cbContainerClassClass","loc":{"start":{"line":45,"column":4},"end":{"line":45,"column":52}},"decorator":"track"},{"type":"property","name":"cbComputedClass","loc":{"start":{"line":46,"column":4},"end":{"line":46,"column":37}},"decorator":"track"},{"type":"property","name":"cfeComputedClass","loc":{"start":{"line":47,"column":4},"end":{"line":47,"column":50}},"decorator":"track"},{"type":"property","name":"entityIcon","loc":{"start":{"line":48,"column":4},"end":{"line":48,"column":27}},"decorator":"track"},{"type":"property","name":"searchIconClass","loc":{"start":{"line":49,"column":4},"end":{"line":49,"column":27}},"decorator":"track"},{"type":"property","name":"closeIconClass","loc":{"start":{"line":50,"column":4},"end":{"line":50,"column":26}},"decorator":"track"},{"type":"property","name":"options","loc":{"start":{"line":58,"column":4},"end":{"line":76,"column":2}},"decorator":"api"},{"type":"property","name":"iconName","loc":{"start":{"line":81,"column":4},"end":{"line":89,"column":5}},"decorator":"api"},{"type":"property","name":"iconSize","loc":{"start":{"line":94,"column":4},"end":{"line":96,"column":5}},"decorator":"api"},{"type":"property","name":"required","loc":{"start":{"line":101,"column":4},"end":{"line":103,"column":5}},"decorator":"api"},{"type":"property","name":"readOnly","loc":{"start":{"line":108,"column":4},"end":{"line":110,"column":5}},"decorator":"api"},{"type":"property","name":"placeHolder","loc":{"start":{"line":115,"column":4},"end":{"line":117,"column":5}},"decorator":"api"},{"type":"property","name":"variant","loc":{"start":{"line":122,"column":4},"end":{"line":127,"column":5}},"decorator":"api"},{"type":"property","name":"helpText","loc":{"start":{"line":132,"column":4},"end":{"line":135,"column":5}},"decorator":"api"},{"type":"property","name":"inputElement","loc":{"start":{"line":140,"column":4},"end":{"line":142,"column":5}}},{"type":"method","name":"focus","loc":{"start":{"line":144,"column":4},"end":{"line":149,"column":5}},"decorator":"api"},{"type":"method","name":"blur","loc":{"start":{"line":151,"column":4},"end":{"line":156,"column":5}},"decorator":"api"},{"type":"method","name":"connectedCallback","loc":{"start":{"line":159,"column":4},"end":{"line":170,"column":5}}},{"type":"method","name":"disconnectedCallback","loc":{"start":{"line":172,"column":4},"end":{"line":174,"column":5}}},{"type":"method","name":"handleTriggerClick","loc":{"start":{"line":176,"column":4},"end":{"line":184,"column":5}}},{"type":"method","name":"openOptionsMenu","loc":{"start":{"line":186,"column":4},"end":{"line":192,"column":5}}},{"type":"method","name":"handleFocus","loc":{"start":{"line":194,"column":4},"end":{"line":198,"column":5}}},{"type":"method","name":"handleBlur","loc":{"start":{"line":200,"column":1},"end":{"line":213,"column":5}}},{"type":"method","name":"closeOptionsMenu","loc":{"start":{"line":215,"column":4},"end":{"line":218,"column":5}}},{"type":"method","name":"handleKeyUp","loc":{"start":{"line":220,"column":4},"end":{"line":245,"column":5}}},{"type":"method","name":"handleDropdownMouseDown","loc":{"start":{"line":248,"column":1},"end":{"line":253,"column":5}}},{"type":"method","name":"handleDropdownMouseUp","loc":{"start":{"line":254,"column":1},"end":{"line":256,"column":5}}},{"type":"method","name":"handleSelection","loc":{"start":{"line":258,"column":4},"end":{"line":277,"column":5}}},{"type":"method","name":"showSelectedOption","loc":{"start":{"line":279,"column":4},"end":{"line":290,"column":5}}},{"type":"method","name":"removeSelectedOption","loc":{"start":{"line":292,"column":4},"end":{"line":299,"column":5}}}],"exports":[{"type":"ExportDefaultDeclaration"}]},"updatedAt":"2023-01-19T10:28:24.994Z"},{"_allAttributes":null,"_properties":null,"_methods":null,"file":"d:/SalesforceProjects/james.jain@gfacctdev.com/force-app/main/default/lwc/lwc_ClearedTransactions/lwc_ClearedTransactions.js","metadata":{"decorators":[{"type":"api","targets":[{"type":"property","name":"recordId","value":{"type":"unresolved"}},{"type":"property","name":"values","value":{"type":"array","value":[]}},{"type":"property","name":"picklistlabel","value":{"type":"string","value":"Status"}},{"type":"property","name":"checkServer","value":{"type":"boolean","value":false}}]},{"type":"track","targets":[{"name":"isLoading","type":"property"},{"name":"SFObjApiName","type":"property"},{"name":"selectedvalues","type":"property"}]}],"declarationLoc":{"start":{"line":10,"column":0},"end":{"line":262,"column":1}},"classMembers":[{"type":"property","name":"recordId","loc":{"start":{"line":11,"column":4},"end":{"line":11,"column":18}},"decorator":"api","value":{"type":"unresolved"}},{"type":"property","name":"isLoading","loc":{"start":{"line":12,"column":4},"end":{"line":12,"column":28}},"decorator":"track"},{"type":"property","name":"SFObjApiName","loc":{"start":{"line":13,"column":4},"end":{"line":13,"column":46}},"decorator":"track"},{"type":"property","name":"values","loc":{"start":{"line":16,"column":4},"end":{"line":16,"column":21}},"decorator":"api","value":{"type":"array","value":[]}},{"type":"property","name":"error","loc":{"start":{"line":17,"column":4},"end":{"line":17,"column":10}}},{"type":"property","name":"columns","loc":{"start":{"line":18,"column":4},"end":{"line":18,"column":15}}},{"type":"property","name":"opps","loc":{"start":{"line":19,"column":4},"end":{"line":19,"column":9}}},{"type":"property","name":"showTable","loc":{"start":{"line":20,"column":4},"end":{"line":20,"column":22}}},{"type":"property","name":"pageSizeOptions","loc":{"start":{"line":21,"column":4},"end":{"line":21,"column":38}}},{"type":"property","name":"loadMessage","loc":{"start":{"line":23,"column":4},"end":{"line":23,"column":31}}},{"type":"property","name":"selectedvalues","loc":{"start":{"line":25,"column":4},"end":{"line":25,"column":31}},"decorator":"track"},{"type":"property","name":"picklistlabel","loc":{"start":{"line":26,"column":4},"end":{"line":26,"column":34}},"decorator":"api","value":{"type":"string","value":"Status"}},{"type":"property","name":"checkServer","loc":{"start":{"line":27,"column":4},"end":{"line":27,"column":29}},"decorator":"api","value":{"type":"boolean","value":false}},{"type":"property","name":"showdropdown","loc":{"start":{"line":29,"column":4},"end":{"line":29,"column":17}}},{"type":"property","name":"tempColumns","loc":{"start":{"line":30,"column":4},"end":{"line":30,"column":19}}},{"type":"method","name":"connectedCallback","loc":{"start":{"line":32,"column":4},"end":{"line":35,"column":5}}},{"type":"method","name":"renderedCallback","loc":{"start":{"line":37,"column":4},"end":{"line":43,"column":5}}},{"type":"method","name":"handleNSObjectSelection","loc":{"start":{"line":45,"column":4},"end":{"line":164,"column":5}}},{"type":"method","name":"getPickListValues","loc":{"start":{"line":166,"column":4},"end":{"line":200,"column":5}}},{"type":"method","name":"getOpportunities_","loc":{"start":{"line":203,"column":4},"end":{"line":237,"column":5}}},{"type":"method","name":"handleRowSelection","loc":{"start":{"line":239,"column":4},"end":{"line":241,"column":5}}},{"type":"method","name":"saveRecords","loc":{"start":{"line":243,"column":4},"end":{"line":260,"column":5}}}],"exports":[{"type":"ExportDefaultDeclaration"}]},"updatedAt":"2023-01-19T10:28:24.997Z"},{"_allAttributes":null,"_properties":null,"_methods":null,"file":"d:/SalesforceProjects/james.jain@gfacctdev.com/force-app/main/default/lwc/pagination1Lwc/pagination1Lwc.js","metadata":{"decorators":[{"type":"api","targets":[{"type":"property","name":"recordSize","value":{"type":"number","value":5}},{"type":"property","name":"records"}]}],"declarationLoc":{"start":{"line":3,"column":0},"end":{"line":84,"column":1}},"classMembers":[{"type":"property","name":"currentPage","loc":{"start":{"line":4,"column":4},"end":{"line":4,"column":20}}},{"type":"property","name":"totalRecords","loc":{"start":{"line":5,"column":4},"end":{"line":5,"column":17}}},{"type":"property","name":"recordSize","loc":{"start":{"line":6,"column":4},"end":{"line":6,"column":24}},"decorator":"api","value":{"type":"number","value":5}},{"type":"property","name":"totalPage","loc":{"start":{"line":7,"column":4},"end":{"line":7,"column":18}}},{"type":"property","name":"start","loc":{"start":{"line":8,"column":4},"end":{"line":8,"column":14}}},{"type":"property","name":"end","loc":{"start":{"line":9,"column":4},"end":{"line":9,"column":12}}},{"type":"property","name":"totalRecordSize","loc":{"start":{"line":10,"column":4},"end":{"line":10,"column":24}}},{"type":"property","name":"displayRecordSize","loc":{"start":{"line":11,"column":4},"end":{"line":11,"column":24}}},{"type":"property","name":"records","loc":{"start":{"line":15,"column":4},"end":{"line":32,"column":5}},"decorator":"api"},{"type":"property","name":"disableFirst","loc":{"start":{"line":33,"column":4},"end":{"line":35,"column":5}}},{"type":"property","name":"disablePrevious","loc":{"start":{"line":36,"column":4},"end":{"line":38,"column":5}}},{"type":"property","name":"disableNext","loc":{"start":{"line":39,"column":4},"end":{"line":41,"column":5}}},{"type":"property","name":"disableLast","loc":{"start":{"line":42,"column":4},"end":{"line":44,"column":5}}},{"type":"method","name":"firstHandler","loc":{"start":{"line":45,"column":4},"end":{"line":50,"column":5}}},{"type":"method","name":"previousHandler","loc":{"start":{"line":51,"column":4},"end":{"line":56,"column":5}}},{"type":"method","name":"nextHandler","loc":{"start":{"line":57,"column":4},"end":{"line":62,"column":5}}},{"type":"method","name":"lastHandler","loc":{"start":{"line":63,"column":4},"end":{"line":68,"column":5}}},{"type":"method","name":"updateRecords","loc":{"start":{"line":70,"column":4},"end":{"line":83,"column":5}}}],"exports":[{"type":"ExportDefaultDeclaration"}]},"updatedAt":"2023-01-24T06:58:58.020Z"},{"_allAttributes":null,"_properties":null,"_methods":null,"file":"d:/SalesforceProjects/james.jain@gfacctdev.com/force-app/main/default/lwc/pagination2Lwc/pagination2Lwc.js","metadata":{"decorators":[{"type":"api","targets":[{"type":"property","name":"recordSize","value":{"type":"number","value":5}},{"type":"property","name":"records"}]}],"declarationLoc":{"start":{"line":3,"column":0},"end":{"line":84,"column":1}},"classMembers":[{"type":"property","name":"currentPage","loc":{"start":{"line":4,"column":4},"end":{"line":4,"column":20}}},{"type":"property","name":"totalRecords","loc":{"start":{"line":5,"column":4},"end":{"line":5,"column":17}}},{"type":"property","name":"recordSize","loc":{"start":{"line":6,"column":4},"end":{"line":6,"column":24}},"decorator":"api","value":{"type":"number","value":5}},{"type":"property","name":"totalPage","loc":{"start":{"line":7,"column":4},"end":{"line":7,"column":18}}},{"type":"property","name":"start","loc":{"start":{"line":8,"column":4},"end":{"line":8,"column":14}}},{"type":"property","name":"end","loc":{"start":{"line":9,"column":4},"end":{"line":9,"column":12}}},{"type":"property","name":"totalRecordSize","loc":{"start":{"line":10,"column":4},"end":{"line":10,"column":24}}},{"type":"property","name":"displayRecordSize","loc":{"start":{"line":11,"column":4},"end":{"line":11,"column":24}}},{"type":"property","name":"records","loc":{"start":{"line":15,"column":4},"end":{"line":32,"column":5}},"decorator":"api"},{"type":"property","name":"disableFirst","loc":{"start":{"line":33,"column":4},"end":{"line":35,"column":5}}},{"type":"property","name":"disablePrevious","loc":{"start":{"line":36,"column":4},"end":{"line":38,"column":5}}},{"type":"property","name":"disableNext","loc":{"start":{"line":39,"column":4},"end":{"line":41,"column":5}}},{"type":"property","name":"disableLast","loc":{"start":{"line":42,"column":4},"end":{"line":44,"column":5}}},{"type":"method","name":"firstHandler","loc":{"start":{"line":45,"column":4},"end":{"line":50,"column":5}}},{"type":"method","name":"previousHandler","loc":{"start":{"line":51,"column":4},"end":{"line":56,"column":5}}},{"type":"method","name":"nextHandler","loc":{"start":{"line":57,"column":4},"end":{"line":62,"column":5}}},{"type":"method","name":"lastHandler","loc":{"start":{"line":63,"column":4},"end":{"line":68,"column":5}}},{"type":"method","name":"updateRecords","loc":{"start":{"line":70,"column":4},"end":{"line":83,"column":5}}}],"exports":[{"type":"ExportDefaultDeclaration"}]},"updatedAt":"2023-01-24T06:56:24.381Z"},{"_allAttributes":null,"_properties":null,"_methods":null,"file":"d:/SalesforceProjects/james.jain@gfacctdev.com/force-app/main/default/lwc/spinner/spinner.js","metadata":{"decorators":[{"type":"api","targets":[{"type":"property","name":"size"},{"type":"property","name":"variant"},{"type":"property","name":"message"}]}],"declarationLoc":{"start":{"line":5,"column":0},"end":{"line":46,"column":1}},"classMembers":[{"type":"property","name":"containerClass","loc":{"start":{"line":12,"column":4},"end":{"line":12,"column":46}}},{"type":"property","name":"spinnerClass","loc":{"start":{"line":13,"column":4},"end":{"line":13,"column":102}}},{"type":"property","name":"messageClass","loc":{"start":{"line":14,"column":4},"end":{"line":14,"column":95}}},{"type":"property","name":"size","loc":{"start":{"line":16,"column":4},"end":{"line":19,"column":5}},"decorator":"api"},{"type":"property","name":"variant","loc":{"start":{"line":24,"column":4},"end":{"line":27,"column":5}},"decorator":"api"},{"type":"property","name":"message","loc":{"start":{"line":32,"column":4},"end":{"line":35,"column":5}},"decorator":"api"},{"type":"method","name":"connectedCallback","loc":{"start":{"line":40,"column":4},"end":{"line":45,"column":5}}}],"exports":[{"type":"ExportDefaultDeclaration"}]},"updatedAt":"2023-01-19T10:28:24.989Z"},{"_allAttributes":null,"_properties":null,"_methods":null,"file":"d:/SalesforceProjects/james.jain@gfacctdev.com/force-app/main/default/lwc/clearTransactionPagination/clearTransactionPagination.js","metadata":{"decorators":[{"type":"api","targets":[{"type":"property","name":"recordSize","value":{"type":"number","value":5}},{"type":"property","name":"records"}]}],"declarationLoc":{"start":{"line":3,"column":0},"end":{"line":84,"column":1}},"classMembers":[{"type":"property","name":"currentPage","loc":{"start":{"line":4,"column":4},"end":{"line":4,"column":20}}},{"type":"property","name":"totalRecords","loc":{"start":{"line":5,"column":4},"end":{"line":5,"column":17}}},{"type":"property","name":"recordSize","loc":{"start":{"line":6,"column":4},"end":{"line":6,"column":24}},"decorator":"api","value":{"type":"number","value":5}},{"type":"property","name":"totalPage","loc":{"start":{"line":7,"column":4},"end":{"line":7,"column":18}}},{"type":"property","name":"start","loc":{"start":{"line":8,"column":4},"end":{"line":8,"column":14}}},{"type":"property","name":"end","loc":{"start":{"line":9,"column":4},"end":{"line":9,"column":12}}},{"type":"property","name":"totalRecordSize","loc":{"start":{"line":10,"column":4},"end":{"line":10,"column":24}}},{"type":"property","name":"displayRecordSize","loc":{"start":{"line":11,"column":4},"end":{"line":11,"column":24}}},{"type":"property","name":"records","loc":{"start":{"line":15,"column":4},"end":{"line":32,"column":5}},"decorator":"api"},{"type":"property","name":"disableFirst","loc":{"start":{"line":33,"column":4},"end":{"line":35,"column":5}}},{"type":"property","name":"disablePrevious","loc":{"start":{"line":36,"column":4},"end":{"line":38,"column":5}}},{"type":"property","name":"disableNext","loc":{"start":{"line":39,"column":4},"end":{"line":41,"column":5}}},{"type":"property","name":"disableLast","loc":{"start":{"line":42,"column":4},"end":{"line":44,"column":5}}},{"type":"method","name":"firstHandler","loc":{"start":{"line":45,"column":4},"end":{"line":50,"column":5}}},{"type":"method","name":"previousHandler","loc":{"start":{"line":51,"column":4},"end":{"line":56,"column":5}}},{"type":"method","name":"nextHandler","loc":{"start":{"line":57,"column":4},"end":{"line":62,"column":5}}},{"type":"method","name":"lastHandler","loc":{"start":{"line":63,"column":4},"end":{"line":68,"column":5}}},{"type":"method","name":"updateRecords","loc":{"start":{"line":70,"column":4},"end":{"line":83,"column":5}}}],"exports":[{"type":"ExportDefaultDeclaration"}]},"updatedAt":"2023-02-13T05:25:23.193Z"},{"_allAttributes":null,"_properties":null,"_methods":null,"file":"d:/SalesforceProjects/james.jain@gfacctdev.com/force-app/main/default/lwc/reconciliation/reconciliation.js","metadata":{"decorators":[{"type":"api","targets":[{"type":"property","name":"recordId","value":{"type":"unresolved"}}]},{"type":"track","targets":[{"name":"columnsList","type":"property"},{"name":"rowOffset","type":"property"},{"name":"GFERP__GL_EntryList","type":"property"},{"name":"dataObj","type":"property"},{"name":"filterParams","type":"property"}]}],"declarationLoc":{"start":{"line":20,"column":0},"end":{"line":324,"column":1}},"classMembers":[{"type":"property","name":"recordId","loc":{"start":{"line":21,"column":4},"end":{"line":21,"column":18}},"decorator":"api","value":{"type":"unresolved"}},{"type":"property","name":"columnsList","loc":{"start":{"line":22,"column":4},"end":{"line":22,"column":33}},"decorator":"track"},{"type":"property","name":"rowOffset","loc":{"start":{"line":23,"column":4},"end":{"line":23,"column":26}},"decorator":"track"},{"type":"property","name":"GFERP__GL_EntryList","loc":{"start":{"line":24,"column":4},"end":{"line":24,"column":36}},"decorator":"track"},{"type":"property","name":"dataObj","loc":{"start":{"line":25,"column":4},"end":{"line":25,"column":19}},"decorator":"track"},{"type":"property","name":"recordId_rendered","loc":{"start":{"line":26,"column":4},"end":{"line":26,"column":30}}},{"type":"property","name":"show_spinner","loc":{"start":{"line":27,"column":4},"end":{"line":27,"column":24}}},{"type":"method","name":"connectedCallback","loc":{"start":{"line":29,"column":4},"end":{"line":32,"column":5}}},{"type":"method","name":"renderedCallback","loc":{"start":{"line":34,"column":4},"end":{"line":41,"column":5}}},{"type":"method","name":"retrieveData","loc":{"start":{"line":43,"column":4},"end":{"line":90,"column":5}}},{"type":"property","name":"GFERP_GL_Entry_Button_Label","loc":{"start":{"line":91,"column":4},"end":{"line":91,"column":37}}},{"type":"property","name":"GFERP_GL_Entry_Id","loc":{"start":{"line":92,"column":4},"end":{"line":92,"column":27}}},{"type":"method","name":"handleAddClick","loc":{"start":{"line":93,"column":4},"end":{"line":101,"column":5}}},{"type":"method","name":"handleRemoveClick","loc":{"start":{"line":102,"column":4},"end":{"line":110,"column":5}}},{"type":"method","name":"GFERP_GL_Entry_Button_Handler_Action","loc":{"start":{"line":112,"column":4},"end":{"line":147,"column":5}}},{"type":"property","name":"show_clear_unclear_dialog","loc":{"start":{"line":148,"column":4},"end":{"line":148,"column":38}}},{"type":"property","name":"clear_unclear_operation_title","loc":{"start":{"line":149,"column":4},"end":{"line":149,"column":48}}},{"type":"property","name":"clear_operation_title","loc":{"start":{"line":150,"column":4},"end":{"line":150,"column":32}}},{"type":"method","name":"handleClearAll","loc":{"start":{"line":151,"column":4},"end":{"line":153,"column":5}}},{"type":"method","name":"handle_clear_unclear_operation_yes","loc":{"start":{"line":155,"column":4},"end":{"line":196,"column":5}}},{"type":"method","name":"handle_clear_unclear_operation_no","loc":{"start":{"line":197,"column":4},"end":{"line":199,"column":5}}},{"type":"method","name":"openGLAccount","loc":{"start":{"line":200,"column":4},"end":{"line":203,"column":5}}},{"type":"method","name":"openGLEntry","loc":{"start":{"line":204,"column":4},"end":{"line":207,"column":5}}},{"type":"property","name":"showFilterDialog","loc":{"start":{"line":208,"column":4},"end":{"line":208,"column":29}}},{"type":"method","name":"handleFilter","loc":{"start":{"line":209,"column":4},"end":{"line":212,"column":5}}},{"type":"method","name":"filter_cancel","loc":{"start":{"line":213,"column":4},"end":{"line":215,"column":5}}},{"type":"property","name":"filterParams","loc":{"start":{"line":216,"column":4},"end":{"line":216,"column":60}},"decorator":"track"},{"type":"method","name":"readSearchByRefDescPayee","loc":{"start":{"line":217,"column":4},"end":{"line":219,"column":5}}},{"type":"method","name":"readCleared_Uncleared","loc":{"start":{"line":220,"column":4},"end":{"line":222,"column":5}}},{"type":"method","name":"readDocFromDate","loc":{"start":{"line":223,"column":4},"end":{"line":225,"column":5}}},{"type":"method","name":"readDocToDate","loc":{"start":{"line":226,"column":4},"end":{"line":228,"column":5}}},{"type":"method","name":"readAccountType","loc":{"start":{"line":229,"column":4},"end":{"line":231,"column":5}}},{"type":"method","name":"readFromAmount","loc":{"start":{"line":232,"column":4},"end":{"line":234,"column":5}}},{"type":"method","name":"readToAmount","loc":{"start":{"line":235,"column":4},"end":{"line":237,"column":5}}},{"type":"method","name":"filter_apply","loc":{"start":{"line":238,"column":4},"end":{"line":272,"column":5}}},{"type":"property","name":"fixedWidth","loc":{"start":{"line":273,"column":4},"end":{"line":273,"column":32}}},{"type":"property","name":"sortedDirection","loc":{"start":{"line":274,"column":4},"end":{"line":274,"column":28}}},{"type":"property","name":"sortedColumn","loc":{"start":{"line":275,"column":4},"end":{"line":275,"column":17}}},{"type":"method","name":"sort","loc":{"start":{"line":276,"column":4},"end":{"line":298,"column":5}}},{"type":"method","name":"handlemousedown","loc":{"start":{"line":299,"column":4},"end":{"line":323,"column":5}}}],"exports":[{"type":"ExportDefaultDeclaration"}]},"updatedAt":"2023-02-18T05:27:17.959Z"},{"_allAttributes":null,"_properties":null,"_methods":null,"file":"d:/SalesforceProjects/james.jain@gfacctdev.com/force-app/main/default/lwc/reconciliationCalculation/reconciliationCalculation.js","metadata":{"decorators":[{"type":"api","targets":[{"type":"property","name":"objectApiName","value":{"type":"unresolved"}},{"type":"property","name":"recordId","value":{"type":"unresolved"}}]}],"declarationLoc":{"start":{"line":2,"column":0},"end":{"line":6,"column":1}},"classMembers":[{"type":"property","name":"objectApiName","loc":{"start":{"line":3,"column":4},"end":{"line":3,"column":23}},"decorator":"api","value":{"type":"unresolved"}},{"type":"property","name":"recordId","loc":{"start":{"line":4,"column":4},"end":{"line":4,"column":18}},"decorator":"api","value":{"type":"unresolved"}}],"exports":[{"type":"ExportDefaultDeclaration"}]},"updatedAt":"2023-02-13T05:25:23.197Z"},{"_allAttributes":null,"_properties":null,"_methods":null,"file":"d:/SalesforceProjects/james.jain@gfacctdev.com/force-app/main/default/lwc/unclearTransactionPagination/unclearTransactionPagination.js","metadata":{"decorators":[{"type":"api","targets":[{"type":"property","name":"recordSize","value":{"type":"number","value":5}},{"type":"property","name":"records"}]}],"declarationLoc":{"start":{"line":3,"column":0},"end":{"line":84,"column":1}},"classMembers":[{"type":"property","name":"currentPage","loc":{"start":{"line":4,"column":4},"end":{"line":4,"column":20}}},{"type":"property","name":"totalRecords","loc":{"start":{"line":5,"column":4},"end":{"line":5,"column":17}}},{"type":"property","name":"recordSize","loc":{"start":{"line":6,"column":4},"end":{"line":6,"column":24}},"decorator":"api","value":{"type":"number","value":5}},{"type":"property","name":"totalPage","loc":{"start":{"line":7,"column":4},"end":{"line":7,"column":18}}},{"type":"property","name":"start","loc":{"start":{"line":8,"column":4},"end":{"line":8,"column":14}}},{"type":"property","name":"end","loc":{"start":{"line":9,"column":4},"end":{"line":9,"column":12}}},{"type":"property","name":"totalRecordSize","loc":{"start":{"line":10,"column":4},"end":{"line":10,"column":24}}},{"type":"property","name":"displayRecordSize","loc":{"start":{"line":11,"column":4},"end":{"line":11,"column":24}}},{"type":"property","name":"records","loc":{"start":{"line":15,"column":4},"end":{"line":32,"column":5}},"decorator":"api"},{"type":"property","name":"disableFirst","loc":{"start":{"line":33,"column":4},"end":{"line":35,"column":5}}},{"type":"property","name":"disablePrevious","loc":{"start":{"line":36,"column":4},"end":{"line":38,"column":5}}},{"type":"property","name":"disableNext","loc":{"start":{"line":39,"column":4},"end":{"line":41,"column":5}}},{"type":"property","name":"disableLast","loc":{"start":{"line":42,"column":4},"end":{"line":44,"column":5}}},{"type":"method","name":"firstHandler","loc":{"start":{"line":45,"column":4},"end":{"line":50,"column":5}}},{"type":"method","name":"previousHandler","loc":{"start":{"line":51,"column":4},"end":{"line":56,"column":5}}},{"type":"method","name":"nextHandler","loc":{"start":{"line":57,"column":4},"end":{"line":62,"column":5}}},{"type":"method","name":"lastHandler","loc":{"start":{"line":63,"column":4},"end":{"line":68,"column":5}}},{"type":"method","name":"updateRecords","loc":{"start":{"line":70,"column":4},"end":{"line":83,"column":5}}}],"exports":[{"type":"ExportDefaultDeclaration"}]},"updatedAt":"2023-02-13T05:25:23.189Z"}]