<?xml version="1.0" encoding="UTF-8"?>
<ApexComponent xmlns="http://soap.sforce.com/2006/04/metadata">
    <apiVersion>55.0</apiVersion>
    <label>LoadingStatus</label>
    <packageVersions>
        <majorNumber>2022</majorNumber>
        <minorNumber>221</minorNumber>
        <namespace>GFCON</namespace>
    </packageVersions>
    <packageVersions>
        <majorNumber>2022</majorNumber>
        <minorNumber>186</minorNumber>
        <namespace>GFERP</namespace>
    </packageVersions>
</ApexComponent>
